Date,Day,Content,Platform,Status,Newsletter,Strategy
2026-04-28 08:00,Tuesday,"Customer health scores are the astrology of customer success.

Both promise to predict the future using complex systems. Both give believers a sense of control over uncertain outcomes. Both consistently fail when it matters most.

The difference? When your horoscope is wrong, you lose nothing. When your health score is wrong, you lose customers.

94.8% of CS teams now use AI-powered health scoring. Platforms compete on algorithm sophistication. Leaders present colored dashboards as proof of predictive mastery.

Customers still churn without warning.

Your highest-value enterprise client scores 98% healthy. Usage is up. Support tickets down. Then they submit a 90-day cancellation notice.

The algorithm missed what a 15-minute phone call would have revealed: they've been evaluating competitors for six months.

Your CSMs already know which accounts are at risk. Trust their judgment over the algorithm's confidence.

I break down why health scores actively make teams worse at retention: https://churnisdead.com/newsletter/case-against-customer-health-scores

#CustomerSuccess #ChurnPrevention #SaaS",LinkedIn,Scheduled,case-against-customer-health-scores,"Contrarian take with strong analogy that challenges industry orthodoxy, includes specific stats and real scenario, drives to newsletter"
2026-04-29 12:00,Wednesday,"False positives in health scoring waste more resources than false negatives.

Mid-market accounts with 60% health scores get aggressive intervention campaigns. CSMs run discovery calls to identify expansion opportunities. Account managers get pulled into strategic conversations.

Meanwhile, the account was never at risk. They're seasonal users who go quiet every Q4. The health score algorithm doesn't know their business cycle.

False negatives create blind spots, but false positives create something worse: resource misallocation at scale.

When your team optimizes for metrics instead of relationships, three things happen:
• You waste time on healthy accounts
• You miss context that actually matters
• You train CSMs to game the system instead of serve customers

The best CSMs I know ignore the dashboard colors. They focus on conversation quality, stakeholder mapping, and business outcome alignment.

What do you rely on more: your health score or your gut feeling about an account?

#CustomerSuccess #CSM #SaaS",LinkedIn,Scheduled,case-against-customer-health-scores,"Pure value post focusing on the resource waste angle, includes framework thinking, ends with engagement question"
2026-04-30 08:00,Thursday,"4 relationship triggers that matter more than health scores:

1. **Champion transition alerts**
Your internal advocate changes roles or companies. This matters more than any usage metric.

2. **Stakeholder mapping gaps**
You're only connected to one person in a multi-stakeholder decision. Relationship depth beats engagement frequency.

3. **Business outcome misalignment**
They're using your product, but not achieving their stated goals. Usage stats won't catch this disconnect.

4. **Expansion readiness signals**
Identifying growth opportunities within existing usage patterns. This prevents churn by building deeper partnerships.

These triggers focus on relationship strength rather than risk mitigation. They prevent churn by building stronger partnerships that survive contextual changes.

Health scores tell you everything except what you need to know.

Full breakdown in my latest newsletter: https://churnisdead.com/newsletter/case-against-customer-health-scores

#CustomerSuccess #ChurnPrevention #SaaS",LinkedIn,Scheduled,case-against-customer-health-scores,"Framework listicle with clear numbered points, actionable insights, includes link to full newsletter"
2026-05-01 17:00,Friday,"I used to worship at the altar of health scores.

Every CS platform demo included their sophisticated algorithm. Every board presentation featured colored dashboards. Every CSM review included health score improvement targets.

I believed the promise: feed enough data points into the machine, and it will divine which accounts need attention.

Then I watched our highest-scoring enterprise account churn. 98% healthy. Green across every metric. Zero warning from the algorithm.

A single phone call revealed the truth: they'd been evaluating competitors for six months. The new CTO hated our product category. Budget was redirecting to AI initiatives.

None of this lived in our CRM. All of it mattered more than usage metrics.

The best CSMs I know have developed an intuitive sense of account risk. They notice when stakeholder responses become shorter. They feel energy shifts in renewal conversations. They detect subtle signs that precede churn.

When the dashboard shows green, trust the human over the algorithm.

I write about building relationship intelligence over algorithmic confidence every week. Subscribe to Churn Is Dead: https://churnisdead.com

#CustomerSuccess #Leadership #SaaS",LinkedIn,Scheduled,case-against-customer-health-scores,"Personal story showing vulnerability and learning, includes specific example, ends with subscribe CTA"
2026-05-05 08:00,Tuesday,"Health score: 95/100. Churn notice: 48 hours later.

A $2M enterprise account. Usage up 23%. Three successful QBRs. Zero support tickets. $400K expansion pipeline.

The ""healthiest"" account in the system just cancelled with 15 minutes notice.

New CFO. Vendor consolidation. No discussion. Contract terminated.

This broke my faith in health scores completely. Not because the math was wrong, but because the problem was.

We're building fortune-telling machines when we need autopsy reports. Health scores excel at one thing: confirming churn decisions after they're made.

The real breakthrough isn't predicting churn. It's understanding what you could have prevented versus what was always outside your control.

Stop wasting time on prediction theater. Start investing in prevention based on reality.

I break down the alternative approach that actually works: https://churnisdead.com/newsletter/stopped-tracking-health-scores

#CustomerSuccess #ChurnPrevention #SaaS",LinkedIn,Scheduled,stopped-tracking-health-scores,"Hooks with shocking contradiction, uses specific numbers for credibility, positions health scores as the problem not the solution"
2026-05-06 12:00,Wednesday,"Your health score algorithm doesn't know the new CFO has a spending mandate.

It can't predict your champion just got a new job. It won't flag that your customer's biggest competitor acquired them.

Health scores track product engagement, support interactions, and meeting cadence. Meanwhile, the factors that drive 60% of enterprise churn remain invisible:

• Budget cuts and spending freezes
• Executive turnover and strategic shifts
• Competitive displacement
• Company acquisitions
• Regulatory changes

These aren't edge cases. They're the majority.

Every CS platform vendor promises 60-90 day churn prediction accuracy. But they're measuring login frequency when the real decision happens in the C-suite.

What if we stopped trying to predict the future and started understanding what we can actually control?

Which type of churn do you see most often in your accounts?

#CustomerSuccess #ChurnAnalysis #SaaS",LinkedIn,Scheduled,stopped-tracking-health-scores,"Pure value post focusing on the core insight about uncontrollable factors, ends with engagement question"
2026-05-07 08:00,Thursday,"The Churn Attribution Framework that replaced our health scores:

1. **CS-Preventable Churn**
   • Poor onboarding execution
   • Product adoption gaps
   • Relationship management failures

2. **Sales-Attributable Churn**
   • Wrong ICP qualification
   • Overpromised capabilities
   • Pricing misalignment

3. **Product-Related Churn**
   • Missing critical features
   • Performance issues
   • Integration failures

4. **Uncontrollable Churn**
   • Budget cuts and freezes
   • Strategic pivots
   • Company acquisitions

For 12 weeks, audit every churned account using these categories. Week 1-4: Data collection. Week 5-8: Pattern analysis. Week 9-12: Resource reallocation.

The goal isn't perfect attribution. It's resource allocation based on reality instead of algorithm confidence scores.

Stop spending time on prediction. Start investing in prevention.

Link in comments for the full framework audit template.

#CustomerSuccess #ChurnPrevention #Framework",LinkedIn,Scheduled,stopped-tracking-health-scores,"Actionable framework in list format that provides immediate value, drives engagement through comments"
2026-05-08 17:00,Friday,"I spent three years chasing the perfect health score.

Tweaking algorithms. Adding data sources. Adjusting weights. Correlating behaviors.

The scores kept improving. The churn kept happening.

Then I realized we were solving the wrong problem. We weren't failing at prediction. We were failing at prevention.

The accounts we lose tomorrow were probably always going to leave. Budget cuts don't care about your usage metrics. Executive mandates ignore your engagement scores.

The breakthrough came when I stopped asking ""which accounts will churn?"" and started asking ""which churn could we have prevented?""

That shift changed everything. Instead of reactive firefighting, we built proactive prevention systems. Instead of algorithm confidence, we got resource clarity.

Health scores will keep improving. AI will get better. Platforms will promise more accuracy.

But until they can predict budget cuts and executive changes, they're measuring the wrong things.

Get the weekly frameworks that focus on what actually works: https://churnisdead.com

#CustomerSuccess #Leadership #ChurnPrevention",LinkedIn,Scheduled,stopped-tracking-health-scores,"Personal vulnerability and learning story, builds trust and authority, ends with soft subscribe CTA"
